imageName,headCenterX,headCenterY,headRadius
w_7001.jpg,0.1452,0.2864999999999999,0.11939999999999999
w_1491.jpg,0.6101177003168855,0.49298325033952006,0.1191715708465369
w_6480.jpg,0.44714803078315973,0.391381846989588,0.12019013128112266
w_7.jpg,0.5293806154775637,0.5030261692524902,0.13177223112536757